late_batch_trigger,first_batch_buffer,late_batch_buffer,cooked_per_day,surplus_per_day,residual_shortfall_per_day,line_days_with_shortfall_of_46,diners_waiting_per_day
08:45,0.1,0.1,463,77,10.6,14,20.0
08:45,0.1,0.2,505,114,5.3,8,20.0
08:45,0.2,0.1,463,77,10.5,14,13.7
08:45,0.2,0.2,505,114,5.3,8,13.7
08:45,0.3,0.1,464,77,10.0,13,9.9
08:45,0.3,0.2,505,114,5.3,8,9.9
08:45,0.4,0.1,466,79,9.6,13,7.8
08:45,0.4,0.2,506,114,5.3,8,7.8
08:45,0.5,0.1,469,81,8.4,12,6.2
08:45,0.5,0.2,507,116,4.9,8,6.2
09:00,0.1,0.1,455,67,8.6,15,17.7
09:00,0.1,0.2,495,101,3.4,7,17.7
09:00,0.2,0.1,459,70,7.6,13,11.1
09:00,0.2,0.2,496,103,3.3,7,11.1
09:00,0.3,0.1,465,75,6.5,12,7.4
09:00,0.3,0.2,500,106,2.7,7,7.4
09:00,0.4,0.1,474,82,4.7,11,5.3
09:00,0.4,0.2,506,111,1.8,7,5.3
09:00,0.5,0.1,485,91,2.6,7,3.4
09:00,0.5,0.2,514,118,0.8,4,3.4
