week,baseline_surplus_per_day,bundle_surplus_per_day,baseline_uneaten_charge_rs_per_week,bundle_uneaten_charge_rs_per_week,stage
0,362,362,246917,246917,Stage 1: routes and paper record
2,362,362,246917,246917,Stage 1: routes and paper record
4,362,362,246917,246917,Stage 1: routes and paper record
6,362,341,246917,246917,Stage 2: Sunday veg pilot
8,362,320,246917,246917,Stage 2: Sunday veg pilot
10,362,262,246917,246917,Stage 3: roll-out
12,362,205,246917,246917,Stage 3: roll-out
14,362,148,246917,236892,Stage 3: roll-out + Sunday skip
16,362,91,246917,236892,Stage 3: roll-out + Sunday skip
18,362,91,246917,236892,Stage 3: roll-out + Sunday skip
20,362,91,246917,236892,Stage 3: roll-out + Sunday skip
