date,weekday,line,scenario,registered,eaten,cooked,surplus,shortfall,first_batch_runs_out
2026-04-08,Wed,veg,S0,775,234,542,308,0,
2026-04-08,Wed,veg,S5,775,234,388,154,0,
2026-04-08,Wed,veg,S1,775,234,367,133,0,
2026-04-08,Wed,veg,S1b,775,234,366,132,0, (late batch 0)
2026-04-08,Wed,nonveg,S0,306,162,214,52,0,
2026-04-08,Wed,nonveg,S5,306,162,153,0,9,09:31
2026-04-08,Wed,nonveg,S1,306,162,89,0,73,08:55
2026-04-08,Wed,nonveg,S1b,306,162,170,8,0,08:55 (late batch 81)
2026-04-09,Thu,veg,S0,729,298,510,212,0,
2026-04-09,Thu,veg,S5,729,298,364,66,0,
2026-04-09,Thu,veg,S1,729,298,294,0,4,09:34
2026-04-09,Thu,veg,S1b,729,298,349,51,0,09:25 (late batch 100)
2026-04-09,Thu,nonveg,S0,349,206,244,38,0,
2026-04-09,Thu,nonveg,S5,349,206,174,0,32,09:28
2026-04-09,Thu,nonveg,S1,349,206,145,0,61,09:20
2026-04-09,Thu,nonveg,S1b,349,206,259,53,0,09:05 (late batch 136)
2026-04-10,Fri,veg,S0,727,258,509,251,0,
2026-04-10,Fri,veg,S5,727,258,364,106,0,
2026-04-10,Fri,veg,S1,727,258,242,0,16,09:30
2026-04-10,Fri,veg,S1b,727,258,526,268,0,09:11 (late batch 344)
2026-04-10,Fri,nonveg,S0,342,190,239,49,0,
2026-04-10,Fri,nonveg,S5,342,190,171,0,19,09:30
2026-04-10,Fri,nonveg,S1,342,190,129,0,61,09:22
2026-04-10,Fri,nonveg,S1b,342,190,313,123,0,09:02 (late batch 217)
2026-04-11,Sat,veg,S0,743,211,520,309,0,
2026-04-11,Sat,veg,S5,743,211,372,160,0,
2026-04-11,Sat,veg,S1,743,211,290,79,0,
2026-04-11,Sat,veg,S1b,743,211,249,38,0, (late batch 0)
2026-04-11,Sat,nonveg,S0,323,150,226,76,0,
2026-04-11,Sat,nonveg,S5,323,150,162,12,0,
2026-04-11,Sat,nonveg,S1,323,150,130,0,20,09:26
2026-04-11,Sat,nonveg,S1b,323,150,160,10,0,09:19 (late batch 48)
2026-04-12,Sun,veg,S0,805,159,564,404,0,
2026-04-12,Sun,veg,S5,805,159,402,244,0,
2026-04-12,Sun,veg,S1,805,159,185,26,0,
2026-04-12,Sun,veg,S1b,805,159,193,34,0,09:29 (late batch 52)
2026-04-12,Sun,nonveg,S0,256,111,179,68,0,
2026-04-12,Sun,nonveg,S5,256,111,128,17,0,
2026-04-12,Sun,nonveg,S1,256,111,116,5,0,
2026-04-12,Sun,nonveg,S1b,256,111,113,2,0,09:27 (late batch 26)
2026-04-13,Mon,veg,S0,736,237,515,278,0,
2026-04-13,Mon,veg,S5,736,237,368,131,0,
2026-04-13,Mon,veg,S1,736,237,355,118,0,
2026-04-13,Mon,veg,S1b,736,237,298,61,0, (late batch 0)
2026-04-13,Mon,nonveg,S0,348,171,244,73,0,
2026-04-13,Mon,nonveg,S5,348,171,174,3,0,
2026-04-13,Mon,nonveg,S1,348,171,191,20,0,
2026-04-13,Mon,nonveg,S1b,348,171,173,2,0,09:33 (late batch 13)
2026-04-14,Tue,veg,S0,740,225,518,293,0,
2026-04-14,Tue,veg,S5,740,225,370,145,0,
2026-04-14,Tue,veg,S1,740,225,364,139,0,
2026-04-14,Tue,veg,S1b,740,225,351,126,0, (late batch 0)
2026-04-14,Tue,nonveg,S0,299,160,209,49,0,
2026-04-14,Tue,nonveg,S5,299,160,150,0,10,09:31
2026-04-14,Tue,nonveg,S1,299,160,205,45,0,
2026-04-14,Tue,nonveg,S1b,299,160,197,37,0, (late batch 0)
2026-04-15,Wed,veg,S0,744,241,521,280,0,
2026-04-15,Wed,veg,S5,744,241,372,131,0,
2026-04-15,Wed,veg,S1,744,241,312,71,0,
2026-04-15,Wed,veg,S1b,744,241,310,69,0, (late batch 0)
2026-04-15,Wed,nonveg,S0,370,166,259,93,0,
2026-04-15,Wed,nonveg,S5,370,166,185,19,0,
2026-04-15,Wed,nonveg,S1,370,166,134,0,32,09:24
2026-04-15,Wed,nonveg,S1b,370,166,159,0,7,09:24 (late batch 26)
2026-04-16,Thu,veg,S0,733,246,513,267,0,
2026-04-16,Thu,veg,S5,733,246,366,120,0,
2026-04-16,Thu,veg,S1,733,246,311,65,0,
2026-04-16,Thu,veg,S1b,733,246,272,26,0, (late batch 0)
2026-04-16,Thu,nonveg,S0,373,162,261,99,0,
2026-04-16,Thu,nonveg,S5,373,162,186,24,0,
2026-04-16,Thu,nonveg,S1,373,162,186,24,0,
2026-04-16,Thu,nonveg,S1b,373,162,163,1,0, (late batch 0)
2026-04-17,Fri,veg,S0,741,266,519,253,0,
2026-04-17,Fri,veg,S5,741,266,370,104,0,
2026-04-17,Fri,veg,S1,741,266,263,0,3,09:39
2026-04-17,Fri,veg,S1b,741,266,382,116,0,09:26 (late batch 157)
2026-04-17,Fri,nonveg,S0,359,180,251,71,0,
2026-04-17,Fri,nonveg,S5,359,180,180,0,0,09:47
2026-04-17,Fri,nonveg,S1,359,180,169,0,11,09:33
2026-04-17,Fri,nonveg,S1b,359,180,231,51,0,09:26 (late batch 86)
2026-04-18,Sat,veg,S0,763,210,534,324,0,
2026-04-18,Sat,veg,S5,763,210,382,172,0,
2026-04-18,Sat,veg,S1,763,210,261,51,0,
2026-04-18,Sat,veg,S1b,763,210,227,17,0, (late batch 0)
2026-04-18,Sat,nonveg,S0,323,125,226,101,0,
2026-04-18,Sat,nonveg,S5,323,125,162,36,0,
2026-04-18,Sat,nonveg,S1,323,125,147,22,0,
2026-04-18,Sat,nonveg,S1b,323,125,128,3,0, (late batch 0)
2026-04-19,Sun,veg,S0,817,179,572,393,0,
2026-04-19,Sun,veg,S5,817,179,408,230,0,
2026-04-19,Sun,veg,S1,817,179,180,1,0,
2026-04-19,Sun,veg,S1b,817,179,173,0,6,09:23 (late batch 39)
2026-04-19,Sun,nonveg,S0,252,94,176,82,0,
2026-04-19,Sun,nonveg,S5,252,94,126,32,0,
2026-04-19,Sun,nonveg,S1,252,94,119,25,0,
2026-04-19,Sun,nonveg,S1b,252,94,89,0,5,09:32 (late batch 0)
2026-04-20,Mon,veg,S0,738,252,517,265,0,
2026-04-20,Mon,veg,S5,738,252,369,117,0,
2026-04-20,Mon,veg,S1,738,252,308,56,0,
2026-04-20,Mon,veg,S1b,738,252,288,36,0, (late batch 30)
2026-04-20,Mon,nonveg,S0,357,163,250,87,0,
2026-04-20,Mon,nonveg,S5,357,163,178,16,0,
2026-04-20,Mon,nonveg,S1,357,163,190,27,0,
2026-04-20,Mon,nonveg,S1b,357,163,180,17,0,09:36 (late batch 21)
2026-04-21,Tue,veg,S0,727,232,509,277,0,
2026-04-21,Tue,veg,S5,727,232,364,132,0,
2026-04-21,Tue,veg,S1,727,232,306,74,0,
2026-04-21,Tue,veg,S1b,727,232,292,60,0, (late batch 0)
2026-04-21,Tue,nonveg,S0,344,168,241,73,0,
2026-04-21,Tue,nonveg,S5,344,168,172,4,0,
2026-04-21,Tue,nonveg,S1,344,168,190,22,0,
2026-04-21,Tue,nonveg,S1b,344,168,182,14,0, (late batch 0)
2026-04-22,Wed,veg,S0,758,195,531,336,0,
2026-04-22,Wed,veg,S5,758,195,379,184,0,
2026-04-22,Wed,veg,S1,758,195,297,102,0,
2026-04-22,Wed,veg,S1b,758,195,288,93,0, (late batch 0)
2026-04-22,Wed,nonveg,S0,339,145,237,92,0,
2026-04-22,Wed,nonveg,S5,339,145,170,24,0,
2026-04-22,Wed,nonveg,S1,339,145,150,5,0,
2026-04-22,Wed,nonveg,S1b,339,145,146,1,0, (late batch 0)
2026-04-23,Thu,veg,S0,728,251,510,259,0,
2026-04-23,Thu,veg,S5,728,251,364,113,0,
2026-04-23,Thu,veg,S1,728,251,297,46,0,
2026-04-23,Thu,veg,S1b,728,251,258,7,0, (late batch 0)
2026-04-23,Thu,nonveg,S0,358,156,251,95,0,
2026-04-23,Thu,nonveg,S5,358,156,179,23,0,
2026-04-23,Thu,nonveg,S1,358,156,183,27,0,
2026-04-23,Thu,nonveg,S1b,358,156,159,3,0, (late batch 0)
2026-04-24,Fri,veg,S0,729,203,510,307,0,
2026-04-24,Fri,veg,S5,729,203,364,162,0,
2026-04-24,Fri,veg,S1,729,203,273,70,0,
2026-04-24,Fri,veg,S1b,729,203,239,36,0, (late batch 0)
2026-04-24,Fri,nonveg,S0,343,166,240,74,0,
2026-04-24,Fri,nonveg,S5,343,166,172,6,0,
2026-04-24,Fri,nonveg,S1,343,166,179,13,0,
2026-04-24,Fri,nonveg,S1b,343,166,156,0,10,09:33 (late batch 0)
2026-04-25,Sat,veg,S0,742,261,519,258,0,
2026-04-25,Sat,veg,S5,742,261,371,110,0,
2026-04-25,Sat,veg,S1,742,261,251,0,10,09:33
2026-04-25,Sat,veg,S1b,742,261,328,67,0,09:24 (late batch 117)
2026-04-25,Sat,nonveg,S0,337,152,236,84,0,
2026-04-25,Sat,nonveg,S5,337,152,168,16,0,
2026-04-25,Sat,nonveg,S1,337,152,144,0,8,09:33
2026-04-25,Sat,nonveg,S1b,337,152,139,0,13,09:27 (late batch 18)
2026-04-26,Sun,veg,S0,790,231,553,322,0,
2026-04-26,Sun,veg,S5,790,231,395,164,0,
2026-04-26,Sun,veg,S1,790,231,186,0,45,09:24
2026-04-26,Sun,veg,S1b,790,231,332,101,0,09:11 (late batch 199)
2026-04-26,Sun,nonveg,S0,280,119,196,77,0,
2026-04-26,Sun,nonveg,S5,280,119,140,21,0,
2026-04-26,Sun,nonveg,S1,280,119,114,0,5,09:33
2026-04-26,Sun,nonveg,S1b,280,119,129,10,0,09:24 (late batch 47)
2026-04-27,Mon,veg,S0,738,280,517,237,0,
2026-04-27,Mon,veg,S5,738,280,369,89,0,
2026-04-27,Mon,veg,S1,738,280,298,18,0,
2026-04-27,Mon,veg,S1b,738,280,362,82,0,09:27 (late batch 111)
2026-04-27,Mon,nonveg,S0,373,199,261,62,0,
2026-04-27,Mon,nonveg,S5,373,199,186,0,12,09:32
2026-04-27,Mon,nonveg,S1,373,199,186,0,13,09:32
2026-04-27,Mon,nonveg,S1b,373,199,251,52,0,09:24 (late batch 94)
2026-04-28,Tue,veg,S0,743,302,520,218,0,
2026-04-28,Tue,veg,S5,743,302,372,70,0,
2026-04-28,Tue,veg,S1,743,302,289,0,13,09:31
2026-04-28,Tue,veg,S1b,743,302,372,70,0,09:26 (late batch 100)
2026-04-28,Tue,nonveg,S0,335,188,234,46,0,
2026-04-28,Tue,nonveg,S5,335,188,168,0,20,09:29
2026-04-28,Tue,nonveg,S1,335,188,188,0,0,
2026-04-28,Tue,nonveg,S1b,335,188,185,0,3,09:33 (late batch 8)
2026-04-29,Wed,veg,S0,760,248,532,284,0,
2026-04-29,Wed,veg,S5,760,248,380,132,0,
2026-04-29,Wed,veg,S1,760,248,276,28,0,
2026-04-29,Wed,veg,S1b,760,248,311,63,0, (late batch 52)
2026-04-29,Wed,nonveg,S0,340,163,238,75,0,
2026-04-29,Wed,nonveg,S5,340,163,170,7,0,
2026-04-29,Wed,nonveg,S1,340,163,152,0,11,09:32
2026-04-29,Wed,nonveg,S1b,340,163,147,0,16,09:29 (late batch 5)
2026-04-30,Thu,veg,S0,749,235,524,289,0,
2026-04-30,Thu,veg,S5,749,235,374,140,0,
2026-04-30,Thu,veg,S1,749,235,292,57,0,
2026-04-30,Thu,veg,S1b,749,235,359,124,0, (late batch 109)
2026-04-30,Thu,nonveg,S0,374,171,262,91,0,
2026-04-30,Thu,nonveg,S5,374,171,187,16,0,
2026-04-30,Thu,nonveg,S1,374,171,180,9,0,
2026-04-30,Thu,nonveg,S1b,374,171,210,39,0,09:29 (late batch 56)
