date,weekday,registered,ate_registered,ate_all,turnout_pct,plan_at_believed_50pct,excess_over_eaten,uneaten_registrations,uneaten_charge_rs
2026-09-01,Tue,325,99,102,31.4,162,60,226,11978
2026-09-06,Sun,267,49,50,18.7,134,84,218,11554
2026-09-07,Mon,263,58,58,22.1,132,74,205,10865
2026-09-08,Tue,282,83,95,33.7,141,46,199,10547
2026-09-13,Sun,228,39,41,18.0,114,73,189,10017
2026-09-14,Mon,231,38,41,17.7,116,74,193,10229
2026-09-15,Tue,261,103,105,40.2,130,26,158,8374
2026-09-16,Wed,270,76,78,28.9,135,57,194,10282
2026-09-20,Sun,269,61,65,24.2,134,70,208,11024
