date,weekday,eaten_total,scans_by_0800,flat_projection_from_0800,profile_projection_from_0800,scans_by_0900,profile_projection_from_0900
2026-04-08,Wed,396,81,324,374,238,403
2026-04-09,Thu,504,102,408,678,277,553
2026-04-10,Fri,448,65,260,730,249,763
2026-04-11,Sat,361,66,264,360,183,350
2026-04-12,Sun,270,37,148,253,108,278
2026-04-13,Mon,408,54,216,373,193,395
2026-04-14,Tue,385,46,184,290,207,358
2026-04-15,Wed,407,74,296,351,215,361
2026-04-16,Thu,408,84,336,468,207,392
2026-04-17,Fri,446,76,304,628,255,558
2026-04-18,Sat,335,40,160,219,145,281
2026-04-19,Sun,273,30,120,212,86,218
2026-04-20,Mon,415,62,248,445,205,426
2026-04-21,Tue,400,57,228,402,207,369
2026-04-22,Wed,340,66,264,328,151,263
2026-04-23,Thu,407,64,256,341,180,345
2026-04-24,Fri,369,52,208,374,158,317
2026-04-25,Sat,413,59,236,361,208,425
2026-04-26,Sun,350,50,200,381,154,419
2026-04-27,Mon,479,130,520,913,271,558
2026-04-28,Tue,490,120,480,845,277,506
2026-04-29,Wed,411,132,528,661,227,417
2026-04-30,Thu,406,156,624,865,260,517
