date,weekday,line,registered,eaten,turnout_pct,first_batch_70pct,first_batch_surplus,batch_to_eaten,uneaten_registrations,uneaten_charge_rs
2026-04-01,Wed,veg,791,334,42.2,554,220,1.66,457,21936
2026-04-01,Wed,nonveg,137,81,59.1,96,15,1.18,56,3696
2026-04-02,Thu,veg,763,267,35.0,534,267,2.0,496,23808
2026-04-02,Thu,nonveg,224,132,58.9,157,25,1.19,92,6072
2026-04-03,Fri,veg,769,220,28.6,538,318,2.45,549,26352
2026-04-03,Fri,nonveg,255,117,45.9,178,62,1.53,138,9108
2026-04-04,Sat,veg,793,264,33.3,555,291,2.1,529,25392
2026-04-04,Sat,nonveg,256,118,46.1,179,61,1.52,138,9108
2026-04-05,Sun,veg,821,168,20.5,575,407,3.42,653,31344
2026-04-05,Sun,nonveg,256,105,41.0,179,74,1.71,151,9966
2026-04-06,Mon,veg,774,323,41.7,542,219,1.68,451,21648
2026-04-06,Mon,nonveg,315,174,55.2,220,46,1.27,141,9306
2026-04-07,Tue,veg,749,331,44.2,524,193,1.58,418,20064
2026-04-07,Tue,nonveg,324,186,57.4,227,41,1.22,138,9108
2026-04-08,Wed,veg,775,234,30.2,542,308,2.32,541,25968
2026-04-08,Wed,nonveg,306,162,52.9,214,52,1.32,144,9504
2026-04-09,Thu,veg,729,298,40.9,510,212,1.71,431,20688
2026-04-09,Thu,nonveg,349,206,59.0,244,38,1.19,143,9438
2026-04-10,Fri,veg,727,258,35.5,509,251,1.97,469,22512
2026-04-10,Fri,nonveg,342,190,55.6,239,49,1.26,152,10032
2026-04-11,Sat,veg,743,211,28.4,520,309,2.46,532,25536
2026-04-11,Sat,nonveg,323,150,46.4,226,76,1.51,173,11418
2026-04-12,Sun,veg,805,159,19.8,564,404,3.54,646,31008
2026-04-12,Sun,nonveg,256,111,43.4,179,68,1.61,145,9570
2026-04-13,Mon,veg,736,237,32.2,515,278,2.17,499,23952
2026-04-13,Mon,nonveg,348,171,49.1,244,73,1.42,177,11682
2026-04-14,Tue,veg,740,225,30.4,518,293,2.3,515,24720
2026-04-14,Tue,nonveg,299,160,53.5,209,49,1.31,139,9174
2026-04-15,Wed,veg,744,241,32.4,521,280,2.16,503,24144
2026-04-15,Wed,nonveg,370,166,44.9,259,93,1.56,204,13464
2026-04-16,Thu,veg,733,246,33.6,513,267,2.09,487,23376
2026-04-16,Thu,nonveg,373,162,43.4,261,99,1.61,211,13926
2026-04-17,Fri,veg,741,266,35.9,519,253,1.95,475,22800
2026-04-17,Fri,nonveg,359,180,50.1,251,71,1.4,179,11814
2026-04-18,Sat,veg,763,210,27.5,534,324,2.54,553,26544
2026-04-18,Sat,nonveg,323,125,38.7,226,101,1.81,198,13068
2026-04-19,Sun,veg,817,179,21.9,572,393,3.19,638,30624
2026-04-19,Sun,nonveg,252,94,37.3,176,82,1.88,158,10428
2026-04-20,Mon,veg,738,252,34.1,517,265,2.05,486,23328
2026-04-20,Mon,nonveg,357,163,45.7,250,87,1.53,194,12804
2026-04-21,Tue,veg,727,232,31.9,509,277,2.19,495,23760
2026-04-21,Tue,nonveg,344,168,48.8,241,73,1.43,176,11616
2026-04-22,Wed,veg,758,195,25.7,531,336,2.72,563,27024
2026-04-22,Wed,nonveg,339,145,42.8,237,92,1.64,194,12804
2026-04-23,Thu,veg,728,251,34.5,510,259,2.03,477,22896
2026-04-23,Thu,nonveg,358,156,43.6,251,95,1.61,202,13332
2026-04-24,Fri,veg,729,203,27.8,510,307,2.51,526,25248
2026-04-24,Fri,nonveg,343,166,48.4,240,74,1.45,177,11682
2026-04-25,Sat,veg,742,261,35.2,519,258,1.99,481,23088
2026-04-25,Sat,nonveg,337,152,45.1,236,84,1.55,185,12210
2026-04-26,Sun,veg,790,231,29.2,553,322,2.39,559,26832
2026-04-26,Sun,nonveg,280,119,42.5,196,77,1.65,161,10626
2026-04-27,Mon,veg,738,280,37.9,517,237,1.84,458,21984
2026-04-27,Mon,nonveg,373,199,53.4,261,62,1.31,174,11484
2026-04-28,Tue,veg,743,302,40.6,520,218,1.72,441,21168
2026-04-28,Tue,nonveg,335,188,56.1,234,46,1.25,147,9702
2026-04-29,Wed,veg,760,248,32.6,532,284,2.15,512,24576
2026-04-29,Wed,nonveg,340,163,47.9,238,75,1.46,177,11682
2026-04-30,Thu,veg,749,235,31.4,524,289,2.23,514,24672
2026-04-30,Thu,nonveg,374,171,45.7,262,91,1.53,203,13398
