date,weekday,veg_registered,veg_availed,veg_availed_pct,nonveg_registered,nonveg_availed,nonveg_availed_pct,total_registered,total_availed,no_shows,availed_pct
2026-04-01,Wed,791,334,42.2,137,81,59.1,928,415,513,44.7
2026-04-02,Thu,763,267,35.0,224,132,58.9,987,399,588,40.4
2026-04-03,Fri,769,220,28.6,255,117,45.9,1024,337,687,32.9
2026-04-04,Sat,793,264,33.3,256,118,46.1,1049,382,667,36.4
2026-04-05,Sun,821,168,20.5,256,105,41.0,1077,273,804,25.3
2026-04-06,Mon,774,323,41.7,315,174,55.2,1089,497,592,45.6
2026-04-07,Tue,749,331,44.2,324,186,57.4,1073,517,556,48.2
2026-04-08,Wed,775,234,30.2,306,162,52.9,1081,396,685,36.6
2026-04-09,Thu,729,298,40.9,349,206,59.0,1078,504,574,46.8
2026-04-10,Fri,727,258,35.5,342,190,55.6,1069,448,621,41.9
2026-04-11,Sat,743,211,28.4,323,150,46.4,1066,361,705,33.9
2026-04-12,Sun,805,159,19.8,256,111,43.4,1061,270,791,25.4
2026-04-13,Mon,736,237,32.2,348,171,49.1,1084,408,676,37.6
2026-04-14,Tue,740,225,30.4,299,160,53.5,1039,385,654,37.1
2026-04-15,Wed,744,241,32.4,370,166,44.9,1114,407,707,36.5
2026-04-16,Thu,733,246,33.6,373,162,43.4,1106,408,698,36.9
2026-04-17,Fri,741,266,35.9,359,180,50.1,1100,446,654,40.5
2026-04-18,Sat,763,210,27.5,323,125,38.7,1086,335,751,30.8
2026-04-19,Sun,817,179,21.9,252,94,37.3,1069,273,796,25.5
2026-04-20,Mon,738,252,34.1,357,163,45.7,1095,415,680,37.9
2026-04-21,Tue,727,232,31.9,344,168,48.8,1071,400,671,37.3
2026-04-22,Wed,758,195,25.7,339,145,42.8,1097,340,757,31.0
2026-04-23,Thu,728,251,34.5,358,156,43.6,1086,407,679,37.5
2026-04-24,Fri,729,203,27.8,343,166,48.4,1072,369,703,34.4
2026-04-25,Sat,742,261,35.2,337,152,45.1,1079,413,666,38.3
2026-04-26,Sun,790,231,29.2,280,119,42.5,1070,350,720,32.7
2026-04-27,Mon,738,280,37.9,373,199,53.4,1111,479,632,43.1
2026-04-28,Tue,743,302,40.6,335,188,56.1,1078,490,588,45.5
2026-04-29,Wed,760,248,32.6,340,163,47.9,1100,411,689,37.4
2026-04-30,Thu,749,235,31.4,374,171,45.7,1123,406,717,36.2
