minute,scans_in_april,avg_per_day
09:00,80,2.7
09:01,79,2.6
09:02,81,2.7
09:03,92,3.1
09:04,94,3.1
09:05,106,3.5
09:06,108,3.6
09:07,87,2.9
09:08,102,3.4
09:09,105,3.5
09:10,117,3.9
09:11,129,4.3
09:12,149,5.0
09:13,131,4.4
09:14,154,5.1
09:15,139,4.6
09:16,156,5.2
09:17,161,5.4
09:18,161,5.4
09:19,181,6.0
09:20,198,6.6
09:21,214,7.1
09:22,198,6.6
09:23,227,7.6
09:24,253,8.4
09:25,255,8.5
09:26,259,8.6
09:27,252,8.4
09:28,239,8.0
09:29,270,9.0
09:30,219,7.3
09:31,177,5.9
09:32,212,7.1
09:33,177,5.9
09:34,93,3.1
09:35,56,1.9
09:36,33,1.1
09:37,39,1.3
09:38,29,1.0
09:39,18,0.6
09:40,11,0.4
09:41,8,0.3
09:42,7,0.2
09:43,8,0.3
09:44,3,0.1
09:45,2,0.1
