date,weekday,first_scan,median_scan,last_scan,scans_after_0915,pct_after_0915
2026-04-01,Wed,07:29:37,08:49,09:39:35,112,27.0
2026-04-02,Thu,07:28:41,08:59,09:40:46,151,37.8
2026-04-03,Fri,07:33:33,09:13,10:07:33,150,44.5
2026-04-04,Sat,07:29:29,08:53,09:42:59,142,37.2
2026-04-05,Sun,07:29:19,09:10,09:41:26,121,44.3
2026-04-06,Mon,07:29:33,09:01,09:40:45,191,38.4
2026-04-07,Tue,07:30:06,08:47,09:57:47,152,29.4
2026-04-08,Wed,07:31:16,08:43,09:43:09,109,27.5
2026-04-09,Thu,07:30:27,08:52,09:43:58,173,34.3
2026-04-10,Fri,07:30:24,08:49,09:42:40,140,31.2
2026-04-11,Sat,06:49:42,08:56,09:38:40,127,35.2
2026-04-12,Sun,07:31:12,09:10,09:41:21,125,46.3
2026-04-13,Mon,07:30:11,09:03,09:40:37,158,38.7
2026-04-14,Tue,07:29:15,08:53,09:42:25,118,30.6
2026-04-15,Wed,06:39:11,08:57,09:43:42,130,31.9
2026-04-16,Thu,06:44:19,08:59,09:44:51,154,37.7
2026-04-17,Fri,07:32:42,08:43,09:48:32,149,33.4
2026-04-18,Sat,07:31:21,09:07,09:38:06,144,43.0
2026-04-19,Sun,07:28:43,09:15,09:39:00,140,51.3
2026-04-20,Mon,07:32:01,09:01,09:49:55,154,37.1
2026-04-21,Tue,06:38:04,08:57,09:41:50,134,33.5
2026-04-22,Wed,06:57:42,09:08,09:44:42,136,40.0
2026-04-23,Thu,07:31:02,09:08,09:42:58,164,40.3
2026-04-24,Fri,06:46:43,09:09,09:41:44,156,42.3
2026-04-25,Sat,07:30:07,08:59,09:40:58,151,36.6
2026-04-26,Sun,07:31:55,09:08,09:39:22,146,41.7
2026-04-27,Mon,07:04:02,08:50,09:45:56,134,28.0
2026-04-28,Tue,07:01:27,08:53,09:38:55,161,32.9
2026-04-29,Wed,07:02:45,08:50,09:44:02,129,31.4
2026-04-30,Thu,07:02:02,08:36,09:39:15,111,27.3
