image_file,content,register_or_form,period_or_date,extracted_to,notes
13.05.42.jpeg,"Meal production and waste sheet: Saturday breakfast, week 1 and week 3 (page 19, 'Sat-1&3')",Production / waste sheet (printed + handwritten),13/6/26 and 2?/6/26,05_Meal_Production_Sheets,Page is rotated in the photo
13.05.45.jpeg,"Same production sheet as 13.05.42, with the Sept 2026 attendance register placed on top",Production sheet + attendance register,June 2026 / Sept 2026,05_Meal_Production_Sheets,Duplicate view
13.05.47.jpeg,"Attendance register, Sept 2026: lunch (page 37) and right edge of breakfast (page 36)",Meal attendance register,Sept 2026,"01_Attendance_Lunch, 02_Attendance_Breakfast",Breakfast totals/% columns read from this photo
13.05.48.jpeg,"Attendance register, Sept 2026: breakfast (page 36) and lunch (page 37), rotated",Meal attendance register,Sept 2026,"01_Attendance_Lunch, 02_Attendance_Breakfast",Hand covers part of breakfast page
13.05.52.jpeg,Stock register page 152: Rice Single Polished,Stock register,Aug 2026,09_Stock_Register,
13.05.53 (1).jpeg,"Grocery Book page 1 (ABC Hospitality Services, Unit Yuktahar)",Daily grocery issue book,18-9-26,03_Grocery_Issue_18Sep26,
13.05.53.jpeg,Stock register page 153: Sabudana,Stock register,Aug 2026,09_Stock_Register,
13.05.54 (1).jpeg,"Vegetable Indent Format (ABC Hospitality Services, Hyderabad), Mess: Yuktahar",Vegetable indent (order),Order date 20/9/26,07_Vegetable_Indent_20Sep26,English + Telugu item names
13.05.54 (2).jpeg,Grocery Book page 2,Daily grocery issue book,18-9-26,03_Grocery_Issue_18Sep26,
13.05.54.jpeg,Stock register page 204: Dal Toor,Stock register,Sept 2026,09_Stock_Register,
13.05.55 (1).jpeg,"Fruit register page 64 (Banana, Watermelon, Papaya, Musk melon, Dragon) + Gas register page 65",Milk/Fruit/Gas/Electricity register,Sept 2026,"12_Fruit_Register, 13_Gas_Register",
13.05.55.jpeg,Grocery Book page 3 + 'Issued by / Received by',Daily grocery issue book,18-9-26,03_Grocery_Issue_18Sep26,
13.05.56 (1).jpeg,"Daily Cleaning Checklist, Fridge 3, Dining Services Facility: Yuktahaar (page 6)",Hygiene checklist,Sept 2026,11_Fridge3_Cleaning,
13.05.56.jpeg,"Fridge 3 Temperature Record (1 door), Yuktahaar (page 4)",Temperature log,Sept 2026,10_Fridge3_Temperature,Printed July template reused for Sept
13.05.57 (1).jpeg,"Photo: pile of bottle gourd (lauki) on a steel rack, with a labelled crate above",Site photo,n/a,15_Photo_Observations,
13.05.57.jpeg,"Photo: inside a refrigerator (steel containers, gastronorm tray covered in cling film, 'ALLERGEN / DAIRY' label)",Site photo,n/a,15_Photo_Observations,
13.06.00.jpeg,"Production and waste sheet: Thursday breakfast, week 1 and 3 (page 19)",Production / waste sheet,03/9/26,05_Meal_Production_Sheets,
13.06.01 (1).jpeg,Grocery Book page 1 (clearer duplicate of 13.05.53 (1)),Daily grocery issue book,18-9-26,03_Grocery_Issue_18Sep26,Duplicate
13.06.01.jpeg,Thursday production sheet (duplicate of 13.06.00),Production / waste sheet,03/9/26,05_Meal_Production_Sheets,Duplicate
13.06.02 (1).jpeg,"Water reading (page 62), Gas register (page 62, 'Gas Rs 2996/-'), Electrical reading (page 63)",Utilities register,Sept 2026,"14_Water_Readings, 13_Gas_Register, 14_Electricity_Readings",
13.06.02.jpeg,"'Sheet1': daily vegetable stock (opening, received, used per meal, balance)",Vegetable stock sheet,21/9/26,08_Vegetable_Stock_21Sep26,
13.06.03 (1).jpeg,"Milk / Curd / Paneer issue register by meal (BF, L, D) with balance",Milk/Fruit/Gas/Electricity register,Sept 2026,12b_Milk_Curd_Paneer,
13.06.03.jpeg,Fruit register page 64 + Gas page 65 (duplicate of 13.05.55 (1)),Milk/Fruit/Gas/Electricity register,Sept 2026,"12_Fruit_Register, 13_Gas_Register",Duplicate
13.06.04 (1).jpeg,"Photo: the registers laid out on a steel table; cover label 'YUKTAHAAR MILK, FRUIT, GAS, ELECTRICITY REGISTER'",Site photo,n/a,15_Photo_Observations,
13.06.04.jpeg,"Photo: stacked crates in the cold room, each with a dated label (e.g. 'Lemon 20/9/26', 'Gongura 20/9/26')",Site photo,n/a,15_Photo_Observations,
13.06.05.jpeg,Photo: staff member sorting green chillies at the weighing station next to the fridge; notices on the wall,Site photo,n/a,15_Photo_Observations,
