book_page,s_no,item_name,uom,issued_breakfast,issued_lunch,issued_snacks,issued_dinner,total_issued,closing_balance,handwritten_text_as_seen,row_match_confidence,notes
1,1,AJWAIN,KG,,,,,,,,,
1,2,ALMOND,KG,,,,,,,,,
1,3,ATUKULU,KG,,,,,,,,,
1,4,BATANA GREEN,KG,,,,,,,,,
1,5,B.PATTA,KG,,,,,,,,,
1,6,B.RAVVA,KG,1,,,,1,29.8,1✓ | 1 → 29.8,Medium,
1,7,BESAN,KG,2.5,0.5,,,3,15.2,2.5✓ 0.5✓ | 3 → 15.2,Medium,
1,8,BLACK CHANA,KG,1,2,,,3,39.45,1✓ 2✓ | 3 → 39.45,Medium,
1,9,BLACK PEPPER WHOLE,KG,,,,,,,,,
1,10,CASHEW 2PC,KG,,0.2,,0.2,0.4,11.35,0.2 | 0.2✓ 0.4 → 11.35,Low,Handwriting sits between rows 10 and 11; balance could be 11.55
1,11,CASHEW 4PC,KG,,,,1.5,1.5,12.35,1.5✓ 1.5 → 12.35,Low,Could belong to row 12 (Chironji)
1,12,CHIRONJI,KG,,,,,,,,,
1,13,COCONUT POWDER,KG,0.1,,,,0.1,10.4,0.1✓ | 0.1 → 10.4,Medium,
1,14,CUSTARD,KG,,,,,,,,,
1,15,DAL CHANA,KG,,0.5,,,0.5,22.3,0.5✓ | 0.5 → 22.3,Medium,Could belong to row 16 (Dal Kali Masoor)
1,16,DAL KALI MASOOR,KG,,,,,,,,,
1,17,DAL KALI URAD,KG,,,,,,,,,
1,18,DAL MOONG,KG,,,,,,,,,
1,19,DAL MOONG CHILKA,KG,,0.5,,0.5,1,29.6,0.5✓ 0.5✓ 1 → 29.6,Medium,
1,20,DAL TOOR,KG,1,,,3.5,4.5,49.45,1✓ 3.5✓ 4.5 → 49.45,High,"Matches the Dal Toor stock register (18/9: issued 4.5, balance 49.45)"
1,21,DAL URAD,KG,1.5,0.5,,,2,96.25,1.5✓ 0.5✓ 2 → 96.25,Medium,
1,22,DAL URAD CHILKA,KG,,,,,,,,,
1,23,DALCHINI,KG,,,,,,,,,
1,24,DALIA,KG,0.1,,,3,3.1,15.63,0.1✓ 3✓ 3.1 → 15.63,Medium,
1,25,DHANIA - WHOLE,KG,,,,,,,,,
1,26,DHANIA POWDER,KG,,,,,,,,,
1,27,DRY COPRA,KG,,,,,,,,,
1,28,DRY MIRCHI-WHOLE,KG,,,,,,,,,
1,29,DRY MIRCHI POWDER,KG,,,,,,,,,
1,30,ELAICHI,KG,,,,0.03,0.03,0.51,0.03✓ 0.03 → 0.51,Medium,Could be row 31 (Elaichi Big)
1,31,ELAICHI BIG,KG,,,,,,,,,
1,32,FLEX SEEDS,KG,,,,,,,,,
1,33,GHEE,KG,0.5,1,,1,2.5,39.5,0.5✓ 1✓ 1✓ 2.5 → 39.5,Medium,
1,34,GREEN MOONG,KG,,,,,,,,,
1,35,GROUNDNUT,KG,0.1+0.5,0.8,1,,2.4,53.8,0.1+0.5✓ 0.8✓ 1✓ 2.4 → 53.8,Medium,"BF written as '0.01+0.5', read as 0.1 + 0.5 so that total = 2.4"
1,36,GUD,KG,,,,5,5,33,5✓ 5 → 33,Low,
1,37,GUD POWDER,KG,0.3,,,,0.3,12.7,0.3✓ 0.3 → 12.7,Low,Could be row 38 (Haldi Whole)
1,38,HALDI WHOLE,KG,,,,,,,,,
1,39,HALDI POWDER,KG,,0.9,,,0.9,10.5,0.9✓ 0.9 → 10.5,Medium,
1,40,HING,TINS,,1,,,1,17,1✓ 1 → 17,Low,Could be row 41 (Japatri)
1,41,JAPATRI,KG,,,,,,,,,
1,42,JEERA,KG,,0.3,,,0.3,21.85,0.3✓ 0.3 → 21.85,Medium,
1,43,KABULI CHANA (CHOLEY),KG,,,,,,,,,
2,44,KALONJI,KG,,,,,,,,,
2,45,KASURI METHI,KG,0.4,,,0.2,0.6,8.29,0.4✓ 0.2✓ 0.6 → 8.29,Medium,Could be row 44 (Kalonji)
2,46,KISMIS,KG,,,,,,,,,
2,47,LAVANG,KG,,,,,,,,,
2,48,MARATHI MOGA,KG,,,,,,,,,
2,49,METHI,KG,,0.4,,,0.4,19.39,0.4✓ 0.4 → 19.39,Medium,Could be row 48 (Marathi Moga)
2,50,MISRI,KG,,,,,,,,,
2,51,MILL MAKER PIECES,KG,,,,,,,,,
2,52,MURMURA,KG,,,,,,,,,
2,53,OIL TILL,LTRS,0.4+0.5,1,0.2+0.2,1,3.9,56.46,0.4+0.5✓ 1✓ +0.2+0.2✓ 1✓ 3.9 (2.4) → 56.46; note '1 can wt',Low,"Cooking oil; row could be 52-54. Parts add to 3.3, but the written total is 3.9, with '(2.4)' beside it"
2,54,OIL MUSTARD,LTRS,,,,,,,,,
2,55,OIL GROUNDNUT,LTRS,,2,,,2,20.51,2✓ 2 → 20.51,Low,Row could be 55 or 56
2,56,PAPAD MASALA,KG,,,,,,,,,
2,57,PATIKA,,,,,,,,,,
2,58,PICKLE STAR FRUIT,KG,,,,,,,,,
2,59,PICKLE MANGO,KG,,,,,,,,,
2,60,PICKLE KARONDA,KG,,,,,,,,,
2,61,PICKLE,KG,,,,,,,,,
2,62,PUTANA,KG,0.3+0.5,+0.3,,0.5,1.1,62.25,0.3+0.5✓ +0.3✓ | 0.5✓ 1.1 → 62.25,Low,Written total 1.1 does not match the parts (1.6); a curved line on the page links this entry to the oil row
2,63,RAGI ATTA,KG,0.1,,,,0.1,26.3,0.1✓ 0.1 → 26.3,Medium,
2,64,RAI,KG,,0.5,,,0.5,20.85,0.5✓ 0.5 → 20.85,Medium,
2,65,RAJGIRA,KG,,,,,,,,,
2,66,RAJMAH,KG,,9,,,9,41,9✓ 9 → 41,Medium,Could be row 65 (Rajgira)
2,67,RAVVA IDLY,KG,3,,,,3,59.75,3✓ 3 → 59.75,Medium,
2,68,RICE BASMATI,KG,,,,,,,,,
2,69,RICE BOILED,KG,0.5+4,1.5+3+0.5,,,9.5,427.5,0.5+4✓ 1.5+3+0.5 9.5 → 427.5,Medium,Could be row 68 (Rice Basmati)
2,70,RICE SINGLE POLISHED,KG,4,3.5+2,,,9.5,373.3,4✓ 3.5+2✓ 9.5 → 373.3,Medium,
2,71,SABUDANA,KG,,,,,,,,,
2,72,SAI JEERA,KG,,,,,,,,,
2,73,SALT ROCK,KG,1,1,,1,3,80.34,1✓ 1✓ 1 3 → 80.34,Low,Salt; row could be 73 (Rock) or 74 (Mota)
2,74,SALT MOTA,KG,,,,,,,,,
2,75,SALT BLACK,KG,,,,,,,,,
2,76,SAMBAR POWDER,KG,,,,,,,,,
2,77,SEMIA,KG,,,,,,,,,
2,78,SOAP CAKE EXXO,TINS,,,,,,,,,
2,79,SOAP VIM,LTRS,,,,,,,,,
2,80,SOAP POWDER WHEEL,PKTS,,,,,,,,,
2,81,SOAP LIQUID,LTRS,,,,,,,,,
2,82,SONF,KG,,0.4,,,0.4,18.14,0.4✓ 0.4 → 18.14,Medium,
2,83,SUGAR,KG,0.3,,1,,1.3,46.98,0.3✓ 1✓ 1.3 → 46.98,Medium,
2,84,SUGAR DESI,KG,,,,,,,,,
2,85,TAMARIND,KG,,1,,,1,34.68,1✓ 1 → 34.68,Medium,Could be row 84 (Sugar Desi)
2,86,TARBUJ,KG,,,,,,,,,
3,87,TILL,KG,,,,,,,,,
3,88,VANASPATI PUVVU,KG,,,,,,,,,
3,89,WHEAT,KG,,,,,,,,,
3,90,WHEAT ATTA,PKTS,,15+2,,10+1,28,26.82,15+2 | 10+1 28 → 26.82,Medium,"Faint, erased '15+1' also written in row 87/88"
3,91,BAZRA,KG,,,,,,,,,
3,92,BAZRA ATTA,KG,,,,,,,,,
3,93,JAWAR,KG,,,,,,,,,
3,94,JAWAR ATTA,KG,,,,,,,,,
3,95,SABZA SEEDS,KG,,,,,,,,,
3,96,JALJEERA,TINS,,,,,,,,,
3,97,MILLET FOXTAIL,KG,,,,,,,,,
3,98,MILLET BARNYARD,KG,,,,,,,,,
3,99,MILLET LITTLE,KG,,,,,,,,,
3,100,OATS,KG,,,,,,,,,
3,101,SEEDS SOYA BEANS,KG,,,,,,,,,
3,102,ROASTED CHANA,KG,,,,,,,,,
3,103,SATTU POWDER,KG,,,,,,,,,
3,104,MAKHANA,KG,,,,,,,,,
3,105,MUNNAKKA,KG,,,,,,,,,
3,106 (hw),CHIA SEEDS (handwritten),KG,0.07,,,,0.07,0.94,0.07✓ 0.07 → 0.94,High,
3,107 (hw),ENO (handwritten),PKT,3 pkt,,,,3,4,3 pkt✓ 3 → 4,High,
3,108 (hw),MOTA RICE (handwritten),KG,,,,1,1,74.7,1 1 → 74.7,High,
