article,register_page,date,receipt_qty,issued_qty,balance_qty,notes
Rice Single Polished,152,2026-08-01 (opening),,,314.3,Opening balance
Rice Single Polished,152,2026-08-01,,14.5,299.8,
Rice Single Polished,152,2026-08-02,,8.5,291.3,
Rice Single Polished,152,2026-08-03,,13,278.3,
Rice Single Polished,152,2026-08-04,,8.5,269.8,
Rice Single Polished,152,2026-08-05,,7.5,262.3,
Rice Single Polished,152,2026-08-06,,12.5,249.8,
Rice Single Polished,152,2026-08-07,,9,240.8,
Rice Single Polished,152,2026-08-08,,11.5,229.3,
Rice Single Polished,152,2026-08-09,,8,221.3,
Rice Single Polished,152,2026-08-10,,13,208.3,
Rice Single Polished,152,2026-08-11,,8.5,199.8,
Rice Single Polished,152,2026-08-12,,9,190.8,
Rice Single Polished,152,2026-08-13,,12,178.8,
Rice Single Polished,152,2026-08-14,,8.5,170.3,
Rice Single Polished,152,2026-08-15,416,14,572.3,Receipt 416 (in red)
Rice Single Polished,152,2026-08-16,,7,565.3,
Rice Single Polished,152,2026-08-17,,12,553.3,
Rice Single Polished,152,2026-08-18,,9.5,543.8,"Written '8.5/9.5 … 544.8-1 = 543.8', corrected to 9.5"
Rice Single Polished,152,2026-08-19,,8,535.8,
Rice Single Polished,152,2026-08-20,,18,517.8,
Rice Single Polished,152,2026-08-21,,15,502.8,
Rice Single Polished,152,2026-08-22,,15,487.8,
Rice Single Polished,152,2026-08-23,,7,480.8,
Rice Single Polished,152,2026-08-24,,17,463.8,
Rice Single Polished,152,2026-08-25,,12,451.8,
Rice Single Polished,152,2026-08-26,,9,442.8,
Rice Single Polished,152,2026-08-27,,11,431.8,
Rice Single Polished,152,2026-08-28,,8,423.8,
Rice Single Polished,152,2026-08-29,,13,410.8,
Rice Single Polished,152,2026-08-30,,7.5,403.3,
Rice Single Polished,152,2026-08-31,,16.5,386.8,
Sabudana,153,2026-08-01 (opening),,,1.7,Opening balance
Sabudana,153,2026-08-06,,0.5,1.2,
Sabudana,153,2026-08-13,,0.5,0.7,
Sabudana,153,2026-08-15,10,,10.7,Receipt (in red)
Sabudana,153,2026-08-20,,0.7,10,
Sabudana,153,2026-08-21,,1,9,
Dal Toor,204,2026-09-01 (opening),,,4.6,Opening balance
Dal Toor,204,2026-09-01,,1,3.6,
Dal Toor,204,2026-09-02,,1.5,2.1,
Dal Toor,204,2026-09-04,,0.8,1.3,
Dal Toor,204,2026-09-05,90,7,84.3,Receipt 90 (in red)
Dal Toor,204,2026-09-06,,3.5,80.8,
Dal Toor,204,2026-09-07,,1.75,79.05,
Dal Toor,204,2026-09-08,,0.5,78.55,
Dal Toor,204,2026-09-09,,7.5,71.05,
Dal Toor,204,2026-09-10,,0.5,70.55,
Dal Toor,204,2026-09-11,,0.5,70.05,
Dal Toor,204,2026-09-12,,3.5,66.55,
Dal Toor,204,2026-09-13,,1.5,65.05,
Dal Toor,204,2026-09-14,,4,61.05,
Dal Toor,204,2026-09-15,,0.8,60.25,
Dal Toor,204,2026-09-16,,6.3,53.95,
Dal Toor,204,2026-09-18,,4.5,49.45,Matches the Grocery Book for 18-9-26
Dal Toor,204,2026-09-19,,10.5,38.95,
Dal Toor,204,2026-09-20,,4,34.95,
