date,day,reading_1_morning_degC,reading_2_4pm_degC,reading_3_8pm_degC,within_0_to_5C,notes
2026-09-01,Tue,2.5,2.5,1.9,Yes,
2026-09-02,Wed,2.5,2.5,2.5,Yes,
2026-09-03,Thu,2.5,2,1.6,Yes,
2026-09-04,Fri,2.5,2.5,2.0,Yes,
2026-09-05,Sat,2.5,2.5,2.1,Yes,
2026-09-06,Sun,2.5,2.5,3,Yes,
2026-09-07,Mon,3.0,2.5,2.5,Yes,
2026-09-08,Tue,3.0,3.0,2.5,Yes,
2026-09-09,Wed,2.0,3.0,2.0,Yes,
2026-09-10,Thu,2.5,3.5,2,Yes,
2026-09-11,Fri,2.5,2.5,3.4,Yes,
2026-09-12,Sat,2.5,2.5,3,Yes,
2026-09-13,Sun,2.5,2.5,2,Yes,
2026-09-14,Mon,1.9,2.5,2.5,Yes,
2026-09-15,Tue,3.0,1.4,1.8,Yes,
2026-09-16,Wed,3.0,2.6,2.0,Yes,
2026-09-17,Thu,1.4,2.0,2.3,Yes,
2026-09-18,Fri,2.0,2.5,1.6,Yes,
2026-09-19,Sat,2.5,3.0,1.8,Yes,
2026-09-20,Sun,2,2.9,2,Yes,
2026-09-21,Mon,2.9,,,Yes,
