date,day,time,cleaned_by_1,cleaned_by_2,signature,location
2026-09-01,Tue,9:30,Vani,Tulasi,M. Bhavani,Fridge 3
2026-09-02,Wed,9:30,Vani,Tulasi,M. Bhavani,Fridge 3
2026-09-03,Thu,9:30,Vani,Tulasi,M. Bhavani,Fridge 3
2026-09-04,Fri,9:30,Vani,Tulasi,M. Bhavani,Fridge 3
2026-09-05,Sat,9:30,Vani,Tulasi,M. Bhavani,Fridge 3
2026-09-06,Sun,9:30,Vani,Tulasi,M. Bhavani,Fridge 3
2026-09-07,Mon,9:30,Vani,Tulasi,M. Bhavani,Fridge 3
2026-09-08,Tue,9:30,Vani,Tulasi,M. Bhavani,Fridge 3
2026-09-09,Wed,9:30,Vani,Tulasi,M. Bhavani,Fridge 3
2026-09-10,Thu,9:30,Vani,Tulasi,M. Bhavani,Fridge 3
2026-09-11,Fri,9:30,Vani,Tulasi,M. Bhavani,Fridge 3
2026-09-12,Sat,9:30,Vani,Tulasi,M. Bhavani,Fridge 3
2026-09-13,Sun,9:30,Vani,Tulasi,M. Bhavani,Fridge 3
2026-09-14,Mon,9:30,Vani,Tulasi,M. Bhavani,Fridge 3
2026-09-15,Tue,9:30,Vani,Tulasi,M. Bhavani,Fridge 3
2026-09-16,Wed,9:30,Vani,Tulasi,M. Bhavani,Fridge 3
2026-09-17,Thu,9:30,Vani,Tulasi,M. Bhavani,Fridge 3
2026-09-18,Fri,9:30,Vani,Tulasi,M. Bhavani,Fridge 3
2026-09-19,Sat,9:30,Vani,Tulasi,M. Bhavani,Fridge 3
2026-09-20,Sun,9:30,Vani,Tulasi,M. Bhavani,Fridge 3
2026-09-21,Mon,9:30,Vani,Tulasi,M. Bhavani,Fridge 3
