date,day,fruit,unit,received,used,returned,balance,notes
2026-08-31,Mon,Banana,Box,,,,1 Box,
2026-08-31,Mon,Watermelon,kg,,,,51,
2026-09-01,Tue,Banana,Box,,1 Box,,,
2026-09-01,Tue,Watermelon,kg,,,,51,
2026-09-02,Wed,Watermelon,kg,,25,,26,
2026-09-03,Thu,Banana,Box,1 Box,,,1 Box,
2026-09-03,Thu,Watermelon,kg,60,20,,66,
2026-09-03,Thu,Papaya,kg,30,,,30,
2026-09-04,Fri,Banana,Box,,,,1 Box,
2026-09-04,Fri,Watermelon,kg,,25,,41,
2026-09-04,Fri,Papaya,kg,,,,30,
2026-09-05,Sat,Banana,Box,,1/2 Box,,1/2 Box,
2026-09-05,Sat,Watermelon,kg,,,,41,
2026-09-05,Sat,Papaya,kg,,30,,,
2026-09-06,Sun,Banana,Box,,,,1/2 Box,
2026-09-06,Sun,Watermelon,kg,,20,,21,
2026-09-07,Mon,Banana,Box,1 Box,1/2 Box,,1 Box,
2026-09-07,Mon,Watermelon,kg,30,,,51,Balance written '21+30'
2026-09-08,Tue,Banana,Box,,1 Box,,,
2026-09-08,Tue,Watermelon,kg,,,,51,
2026-09-09,Wed,Watermelon,kg,,22.2,,28.8,
2026-09-10,Thu,Banana,Box,1 Box,,,1 Box,
2026-09-10,Thu,Watermelon,kg,60,25,,63.8,Balance written '38.8+60 = 63.8' (28.8 + 60 - 25)
2026-09-11,Fri,Banana,Box,,1 Box,,,
2026-09-11,Fri,Watermelon,kg,,,,63.8,
2026-09-12,Sat,Watermelon,kg,,20,,43.8,
2026-09-13,Sun,Watermelon,kg,,15,,28.8,"Used overwritten, reads 15"
2026-09-14,Mon,Watermelon,kg,,15,,13.8,
2026-09-15,Tue,Banana,Box,1 Box,,,1 Box,
2026-09-15,Tue,Watermelon,kg,,13.8,,,All used
2026-09-16,Wed,Banana,Box,,1 Box,,,
2026-09-17,Thu,Banana,Box,1 Box,,,1 Box,
2026-09-17,Thu,Watermelon,kg,60,,,60,
2026-09-18,Fri,Banana,Box,,,,1 Box,
2026-09-18,Fri,Watermelon,kg,,,,60,
2026-09-18,Fri,Papaya,kg,22,,,22,
2026-09-19,Sat,Banana,Box,,1 Box,,,
2026-09-19,Sat,Watermelon,kg,,,,60,
2026-09-19,Sat,Papaya,kg,,22,,,
2026-09-20,Sun,Watermelon,kg,,20,,40,
2026-09-21,Mon,Banana,Box,1 Box,,,1 Box,
2026-09-21,Mon,Watermelon,kg,30,25,,45,
2026-09-21,Mon,Papaya,kg,30,,,30,
2026-09-18,Fri,Dragon fruit,(not stated),12,10,,,Used figure overwritten; only entries on this page
2026-09-19,Sat,Dragon fruit,(not stated),,2,,,
2026-09-01 to 21,,Musk melon,,,,,,Column has only dashes (no stock)
