date,bf_milk_issued,bf_milk_balance,bf_curd_issued,bf_curd_balance,bf_paneer_issued,bf_paneer_balance,lunch_curd_issued,lunch_curd_balance,lunch_paneer_issued,lunch_paneer_balance,dinner_milk_issued,dinner_milk_balance,closing_balance_curd,closing_balance_paneer,notes
2026-09-11,12,0,1,3.9,2.5,NIL,12,16,–,–,12,0,13.2 (B),,
2026-09-12,12,4,–,–,–,–,–,–,–,–,10,0,8.0,,
2026-09-13,12,6,–,–,–,–,–,–,–,–,15,0,12.0,6.4 (B),
2026-09-14,12,4,–,–,–,–,–,–,–,–,15,3,12.0,,
2026-09-15,12,0,,,,,15,8,,,12,0,8.0,7.2 (B),Lunch curd entry may belong to 14/9
2026-09-16,12,1,–,–,,,,,,,15,0,13,,
2026-09-17,12,0,,,2,0,,,,,15,3,11.0 (B),,
2026-09-18,12,0.2,,,,,22,13,,,15,3,9.0,,
2026-09-19,12,0,,,,,,,,,15,5,10.1 (B),,
2026-09-20,12,0,,,,,,,,,20,3,20.1,,
