register_page,date,cylinders_received,cylinders_used,returned_rtop,balance,notes
62,2026-08-31,,,,2,Opening
62,2026-09-01,,1,,2-1 = 1,
62,2026-09-02,,,,1,
62,2026-09-03,,1,,NIL,
62,2026-09-04,2,,,2,
62,2026-09-05,,1,,1,
62,2026-09-06,,,,1,
62,2026-09-07,,1 (L),,NIL,
62,2026-09-08,,1 (L),,NIL,"Extra annotation, illegible"
62,2026-09-09,3,1 (return …),,NIL / 2,
62,2026-09-10,,1 (D),,2-1 = 1,
62,2026-09-11,,,,1,
62,2026-09-12,,1,,NIL,
62,2026-09-13,1,(struck out),,1,
62,2026-09-14,,1,,NIL,
62,2026-09-15,4,2 (R) return,,2,"Page crossed through with 'Pg. 65', i.e. continued on page 65"
65,2026-08-31,,,,1,Opening
65,2026-09-01,,1,,–,
65,2026-09-02,,,,1,
65,2026-09-03,2,1,,1,
65,2026-09-04,,,,–,
65,2026-09-05,,1,,–,
65,2026-09-06,,,,–,
65,2026-09-07,,,,–,
65,2026-09-08,1 (P),1,,–,
65,2026-09-09,3,(struck out),1,2,
65,2026-09-10,,1,,1,
65,2026-09-11,,,,1,
65,2026-09-12,,1,,–,
65,2026-09-13,,,,–,
65,2026-09-14,2 (P) + 5,1,2,4,
65,2026-09-15,,,,4,
65,2026-09-16,,1,,3,
65,2026-09-17,,1,,2,"Balance written 3, overwritten to 2"
65,2026-09-18,,0,,2,
65,2026-09-19,,01 (D),,1,
65,2026-09-20,,,,1,
65,2026-09-21,,01,,NIL,
