date,meter1_reading,meter1_units,meter1_progressive_total,meter2_reading,meter2_units,meter2_progressive_total,notes
2026-09-01,68456.0,84,1008,37955.9,30.7,368.4,
2026-09-02,68540.0,134.4,1612.8,37986.6,35.3,423.6,
2026-09-03,68674.4,81.5,978,38021.9,37.3,447.6,
2026-09-04,68755.9,93,1116,38059.2,37.6,451.2,
2026-09-05,68848.9,99.3,1191.6,38096.8,27.2,326.4,
2026-09-06,68948.2,97.3,1167.6,38124.0,39.4,472.8,
2026-09-07,69045.5,79.8,957.6,38163.4,35.9,430.8,
2026-09-08,69125.3,114.1,1369.2,38199.3,30.7,368.4,
2026-09-09,69239.4,118.4,1420.8,38230.0,45.3,543.6,
2026-09-10,69357.8,89.8,1077.6,38275.3,34.5,414,Meter 1 progressive total corrected by hand from 1082.6 to 1077.6
2026-09-11,69447.6,81.4,976.8,38309.8,,,
2026-09-12,69529.0,136.2,1634.4,38598.8,,,"Meter 2 reading written in blue as 38598.8; looks like an entry error, since the next day is 38384.1; Meter 1: 69661.2 - 69529.0 = 132.2, but 136.2 is written"
2026-09-13,69661.2,111.6,1339.2,38384.1,26.9,322.8,
2026-09-14,69772.8,116,1392,38411.0,38.9,466.8,
2026-09-15,69888.0,,,38449.9,35.3,423.6,
2026-09-16,70004.4,,,38485.2,39.4,472.8,
2026-09-17,70150.8,,,38524.6,40.5,486,
2026-09-18,70235.5,,,38565.1,33.7,404.4,
2026-09-19,70325.4,,,38598.8,32.7,392.4,
2026-09-20,70446.2,,,38631.5,27.7,332.4,
2026-09-21,70553.9,,,38659.2,,,
