date,ro_water,bore_water,notes
2026-09-01,130,633,Register page 62; unit not written
2026-09-02,126,533,
2026-09-03,117,690,
2026-09-04,136,637,
2026-09-05,140,640,
2026-09-06,127,530,
2026-09-07,123,470,
2026-09-08,119,448,
2026-09-09,116,437,
2026-09-10,120,527,
2026-09-11,105,648,
2026-09-12,117,213,
2026-09-13,108,210,
2026-09-14,117,348,
2026-09-15,106,427,
2026-09-16,97,350,
2026-09-17,100,229,
2026-09-18,97,324,
2026-09-19,93,230,
2026-09-20,101,310,
2026-09-21,124,537,
